first_name,last_name,phone,email,address,city,stateLenna,Paprocki,907-385-4412,lpaprocki@hotmail.com,639 Main St,Anchorage,AKDonette,Foller,513-570-1893,donette.foller@cox.net,34 Center St,Hamilton,OHSimona,Morasca,419-503-2484,simona@morasca.com,3 Mcauley Dr,Ashland,OHMitsue,Tollner,773-573-6914,mitsue_tollner@yahoo.com,7 Eads St,Chicago,ILLeota,Dilliard,408-752-3500,leota@hotmail.com,7 W Jackson Blvd,San Jose,CASage,Wieser,605-414-2147,sage_wieser@cox.net,5 Boston Ave #88,Sioux Falls,SDKris,Marrier,410-655-8723,kris@gmail.com,228 Runamuck Pl #2808,Baltimore,MDMinna,Amigon,215-874-1229,minna_amigon@yahoo.com,2371 Jerrold Ave,Kulpsville,PAAbel,Maclead,631-335-3414,amaclead@gmail.com,37275 St  Rt 17m M,Middle Island,NYKiley,Caldarera,310-498-5651,kiley.caldarera@aol.com,25 E 75th St #69,Los Angeles,CAGraciela,Ruta,440-780-8425,gruta@cox.net,98 Connecticut Ave Nw,Chagrin Falls,OHCammy,Albares,956-537-6195,calbares@gmail.com,56 E Morehead St,Laredo,TXMattie,Poquette,602-277-4385,mattie@aol.com,73 State Road 434 E,Phoenix,AZMeaghan,Garufi,931-313-9635,meaghan@hotmail.com,69734 E Carrillo St,Mc Minnville,TNGladys,Rim,414-661-9598,gladys.rim@rim.org,322 New Horizon Blvd,Milwaukee,WIYuki,Whobrey,313-288-7937,yuki_whobrey@aol.com,1 State Route 27,Taylor,MIFletcher,Flosi,815-828-2147,fletcher.flosi@yahoo.com,394 Manchester Blvd,Rockford,ILBette,Nicka,610-545-3615,bette_nicka@cox.net,6 S 33rd St,Aston,PAVeronika,Inouye,408-540-1785,vinouye@aol.com,6 Greenleaf Ave,San Jose,CAWillard,Kolmetz,972-303-9197,willard@hotmail.com,618 W Yakima Ave,Irving,TXMaryann,Royster,518-966-7987,mroyster@royster.com,74 S Westgate St,Albany,NYAlisha,Slusarski,732-658-3154,alisha@slusarski.com,3273 State St,Middlesex,NJAllene,Iturbide,715-662-6764,allene_iturbide@cox.net,1 Central Ave,Stevens Point,WIChanel,Caudy,913-388-2079,chanel.caudy@caudy.org,86 Nw 66th St #8673,Shawnee,KSEzekiel,Chui,410-669-1642,ezekiel@chui.com,2 Cedar Ave #84,Easton,MDWillow,Kusko,212-582-4976,wkusko@yahoo.com,90991 Thorburn Ave,New York,NYBernardo,Figeroa,936-336-3951,bfigeroa@aol.com,386 9th Ave N,Conroe,TXAmmie,Corrio,614-801-9788,ammie@corrio.com,74874 Atlantic Ave,Columbus,OHFrancine,Vocelka,505-977-3911,francine_vocelka@vocelka.com,366 South Dr,Las Cruces,NMErnie,Stenseth,201-709-6245,ernie_stenseth@aol.com,45 E Liberty St,Ridgefield Park,NJAlbina,Glick,732-924-7882,albina@glick.com,4 Ralph Ct,Dunellen,NJAlishia,Sergi,212-860-1579,asergi@gmail.com,2742 Distribution Way,New York,NYSolange,Shinko,504-979-9175,solange@shinko.com,426 Wolf St,Metairie,LAJose,Stockham,212-675-8570,jose@yahoo.com,128 Bransten Rd,New York,NYRozella,Ostrosky,805-832-6163,rozella.ostrosky@ostrosky.com,17 Morena Blvd,Camarillo,CAValentine,Gillian,210-812-9597,valentine_gillian@gmail.com,775 W 17th St,San Antonio,TXKati,Rulapaugh,785-463-7829,kati.rulapaugh@hotmail.com,6980 Dorsett Rd,Abilene,KSYoulanda,Schemmer,541-548-8197,youlanda@aol.com,2881 Lewis Rd,Prineville,ORDyan,Oldroyd,913-413-4604,doldroyd@aol.com,7219 Woodfield Rd,Overland Park,KSRoxane,Campain,907-231-4722,roxane@hotmail.com,1048 Main St,Fairbanks,AKLavera,Perin,305-606-7291,lperin@perin.org,678 3rd Ave,Miami,FLErick,Ferencz,907-741-1044,erick.ferencz@aol.com,20 S Babcock St,Fairbanks,AKFatima,Saylors,952-768-2416,fsaylors@saylors.org,2 Lighthouse Ave,Hopkins,MNJina,Briddick,617-399-5124,jina_briddick@briddick.com,38938 Park Blvd,Boston,MAKanisha,Waycott,323-453-2780,kanisha_waycott@yahoo.com,5 Tomahawk Dr,Los Angeles,CAEmerson,Bowley,608-336-7444,emerson.bowley@bowley.org,762 S Main St,Madison,WIBlair,Malet,215-907-9111,bmalet@yahoo.com,209 Decker Dr,Philadelphia,PABrock,Bolognia,212-402-9216,bbolognia@yahoo.com,4486 W O St #1,New York,NYLorrie,Nestle,931-875-6644,lnestle@hotmail.com,39 S 7th St,Tullahoma,TNSabra,Uyetake,803-925-5213,sabra@uyetake.org,98839 Hawthorne Blvd #6101,Columbia,SCMarjory,Mastella,610-814-5533,mmastella@mastella.com,71 San Mateo Ave,Wayne,PAKarl,Klonowski,908-877-6135,karl_klonowski@yahoo.com,76 Brooks St #9,Flemington,NJTonette,Wenner,516-968-6051,twenner@aol.com,4545 Courthouse Rd,Westbury,NYAmber,Monarrez,215-934-8655,amber_monarrez@monarrez.org,14288 Foster Ave #4121,Jenkintown,PAShenika,Seewald,818-423-4007,shenika@gmail.com,4 Otis St,Van Nuys,CADelmy,Ahle,401-458-2547,delmy.ahle@hotmail.com,65895 S 16th St,Providence,RIDeeanna,Juhas,215-211-9589,deeanna_juhas@gmail.com,14302 Pennsylvania Ave,Huntingdon Valley,PABlondell,Pugh,401-960-8259,bpugh@aol.com,201 Hawk Ct,Providence,RIJamal,Vanausdal,732-234-1546,jamal@vanausdal.org,53075 Sw 152nd Ter #615,Monroe Township,NJCecily,Hollack,512-486-3817,cecily@hollack.org,59 N Groesbeck Hwy,Austin,TXCarmelina,Lindall,303-724-7371,carmelina_lindall@lindall.com,2664 Lewis Rd,Littleton,COMaurine,Yglesias,414-748-1374,maurine_yglesias@yglesias.com,59 Shady Ln #53,Milwaukee,WITawna,Buvens,212-674-9610,tawna@gmail.com,3305 Nabell Ave #679,New York,NYPenney,Weight,907-797-9628,penney_weight@aol.com,18 Fountain St,Anchorage,AKElly,Morocco,814-393-5571,elly_morocco@gmail.com,7 W 32nd St,Erie,PAIlene,Eroman,410-914-9018,ilene.eroman@hotmail.com,2853 S Central Expy,Glen Burnie,MDVallie,Mondella,208-862-5339,vmondella@mondella.com,74 W College St,Boise,IDKallie,Blackwood,415-315-2761,kallie.blackwood@gmail.com,701 S Harrison Rd,San Francisco,CAJohnetta,Abdallah,919-225-9345,johnetta_abdallah@aol.com,1088 Pinehurst St,Chapel Hill,NCBobbye,Rhym,650-528-5783,brhym@rhym.com,30 W 80th St #1995,San Carlos,CAMicaela,Rhymes,925-647-3298,micaela_rhymes@gmail.com,20932 Hedley St,Concord,CATamar,Hoogland,740-343-8575,tamar@hotmail.com,2737 Pistorio Rd #9230,London,OHMoon,Parlato,585-866-8313,moon@yahoo.com,74989 Brandon St,Wellsville,NYLaurel,Reitler,410-520-4832,laurel_reitler@reitler.com,6 Kains Ave,Baltimore,MDDelisa,Crupi,973-354-2040,delisa.crupi@crupi.com,47565 W Grand Ave,Newark,NJViva,Toelkes,773-446-5569,viva.toelkes@gmail.com,4284 Dorigo Ln,Chicago,ILElza,Lipke,973-927-3447,elza@yahoo.com,6794 Lake Dr E,Newark,NJDevorah,Chickering,505-975-8559,devorah@hotmail.com,31 Douglas Blvd #950,Clovis,NMTimothy,Mulqueen,718-332-6527,timothy_mulqueen@mulqueen.org,44 W 4th St,Staten Island,NYArlette,Honeywell,904-775-4480,ahoneywell@honeywell.com,11279 Loytan St,Jacksonville,FLDominque,Dickerson,510-993-3758,dominque.dickerson@dickerson.org,69 Marquette Ave,Hayward,CALettie,Isenhower,216-657-7668,lettie_isenhower@yahoo.com,70 W Main St,Beachwood,OHMyra,Munns,817-914-7518,mmunns@cox.net,461 Prospect Pl #316,Euless,TXStephaine,Barfield,310-774-7643,stephaine@barfield.com,47154 Whipple Ave Nw,Gardena,CALai,Gato,847-728-7286,lai.gato@gato.org,37 Alabama Ave,Evanston,ILStephen,Emigh,330-537-5358,stephen_emigh@hotmail.com,3777 E Richmond St #900,Akron,OHTyra,Shields,215-255-1641,tshields@gmail.com,3 Fort Worth Ave,Philadelphia,PATammara,Wardrip,650-803-1936,twardrip@cox.net,4800 Black Horse Pike,Burlingame,CACory,Gibes,626-572-1096,cory.gibes@gmail.com,83649 W Belmont Ave,San Gabriel,CADanica,Bruschke,254-782-8569,danica_bruschke@gmail.com,840 15th Ave,Waco,TXWilda,Giguere,907-870-5536,wilda@cox.net,1747 Calle Amanecer #2,Anchorage,AKElvera,Benimadho,408-703-8505,elvera.benimadho@cox.net,99385 Charity St #840,San Jose,CACarma,Vanheusen,510-503-7169,carma@cox.net,68556 Central Hwy,San Leandro,CAMalinda,Hochard,317-722-5066,malinda.hochard@yahoo.com,55 Riverside Ave,Indianapolis,INNatalie,Fern,307-704-8713,natalie.fern@hotmail.com,7140 University Ave,Rock Springs,WYLisha,Centini,703-235-3937,lisha@centini.org,64 5th Ave #1153,Mc Lean,VAArlene,Klusman,504-710-5840,arlene_klusman@gmail.com,3 Secor Rd,New Orleans,LAAlease,Buemi,303-301-4946,alease@buemi.com,4 Webbs Chapel Rd,Boulder,COLouisa,Cronauer,510-828-7047,louisa@cronauer.com,524 Louisiana Ave Nw,San Leandro,CAAngella,Cetta,808-892-7943,angella.cetta@hotmail.com,185 Blackstone Bldge,Honolulu,HICyndy,Goldammer,952-334-9408,cgoldammer@cox.net,170 Wyoming Ave,Burnsville,MNRosio,Cork,336-243-5659,rosio.cork@gmail.com,4 10th St W,High Point,NCCeleste,Korando,516-509-2347,ckorando@hotmail.com,7 W Pinhook Rd,Lynbrook,NYTwana,Felger,503-939-3153,twana.felger@felger.org,1 Commerce Way,Portland,OREstrella,Samu,608-976-7199,estrella@aol.com,64 Lakeview Ave,Beloit,WIDonte,Kines,508-429-8576,dkines@hotmail.com,3 Aspen St,Worcester,MATiffiny,Steffensmeier,305-385-9695,tiffiny_steffensmeier@cox.net,32860 Sierra Rd,Miami,FLEdna,Miceli,814-460-2655,emiceli@miceli.org,555 Main St,Erie,PASue,Kownacki,972-666-3413,sue@aol.com,2 Se 3rd Ave,Mesquite,TXJesusa,Shin,931-273-8709,jshin@shin.com,2239 Shawnee Mission Pky,Tullahoma,TNRolland,Francescon,973-649-2922,rolland@cox.net,2726 Charcot Ave,Paterson,NJPamella,Schmierer,305-420-8970,pamella.schmierer@schmierer.org,5161 Dorsett Rd,Homestead,FLGlory,Kulzer,410-224-9462,gkulzer@kulzer.org,55892 Jacksonville Rd,Owings Mills,MDShawna,Palaspas,805-275-3566,shawna_palaspas@palaspas.org,5 N Cleveland Massillon Rd,Thousand Oaks,CABrandon,Callaro,808-215-6832,brandon_callaro@hotmail.com,7 Benton Dr,Honolulu,HIScarlet,Cartan,229-735-3378,scarlet.cartan@yahoo.com,9390 S Howell Ave,Albany,GAOretha,Menter,617-418-5043,oretha_menter@yahoo.com,8 County Center Dr #647,Boston,MATy,Smith,201-672-1553,tsmith@aol.com,4646 Kaahumanu St,Hackensack,NJXuan,Rochin,650-933-5072,xuan@gmail.com,2 Monroe St,San Mateo,CALindsey,Dilello,909-639-9887,lindsey.dilello@hotmail.com,52777 Leaders Heights Rd,Ontario,CADevora,Perez,510-955-3016,devora_perez@perez.org,72868 Blackington Ave,Oakland,CAHerman,Demesa,518-497-2940,hdemesa@cox.net,9 Norristown Rd,Troy,NYRory,Papasergi,570-867-7489,rpapasergi@cox.net,83 County Road 437 #8581,Clarks Summit,PATalia,Riopelle,973-245-2133,talia_riopelle@aol.com,1 N Harlem Ave #9,Orange,NJVan,Shire,908-409-2890,van.shire@shire.com,90131 J St,Pittstown,NJLucina,Lary,321-749-4981,lucina_lary@cox.net,8597 W National Ave,Cocoa,FLBok,Isaacs,718-809-3762,bok.isaacs@aol.com,6 Gilson St,Bronx,NYRolande,Spickerman,808-315-3077,rolande.spickerman@spickerman.com,65 W Maple Ave,Pearl City,HIHoward,Paulas,303-623-4241,hpaulas@gmail.com,866 34th Ave,Denver,COKimbery,Madarang,973-310-1634,kimbery_madarang@cox.net,798 Lund Farm Way,Rockaway,NJThurman,Manno,609-524-3586,thurman.manno@yahoo.com,9387 Charcot Ave,Absecon,NJBecky,Mirafuentes,908-877-8409,becky.mirafuentes@mirafuentes.com,30553 Washington Rd,Plainfield,NJBeatriz,Corrington,508-584-4279,beatriz@yahoo.com,481 W Lemon St,Middleboro,MAMarti,Maybury,773-775-4522,marti.maybury@yahoo.com,4 Warehouse Point Rd #7,Chicago,ILNieves,Gotter,503-527-5274,nieves_gotter@gmail.com,4940 Pulaski Park Dr,Portland,ORLeatha,Hagele,214-339-1809,lhagele@cox.net,627 Walford Ave,Dallas,TXValentin,Klimek,312-303-5453,vklimek@klimek.org,137 Pioneer Way,Chicago,ILMelissa,Wiklund,419-939-3613,melissa@cox.net,61 13 Stoneridge #835,Findlay,OHSheridan,Zane,951-645-3605,sheridan.zane@zane.com,2409 Alabama Rd,Riverside,CABulah,Padilla,254-463-4368,bulah_padilla@hotmail.com,8927 Vandever Ave,Waco,TXAudra,Kohnert,615-406-7854,audra@kohnert.com,134 Lewis Rd,Nashville,TNDaren,Weirather,414-959-2540,dweirather@aol.com,9 N College Ave #3,Milwaukee,WIFernanda,Jillson,410-387-5260,fjillson@aol.com,60480 Old Us Highway 51,Preston,MDGearldine,Gellinger,972-934-6914,gearldine_gellinger@gellinger.com,4 Bloomfield Ave,Irving,TXChau,Kitzman,310-560-8022,chau@gmail.com,429 Tiger Ln,Beverly Hills,CATheola,Frey,516-948-5768,theola_frey@frey.com,54169 N Main St,Massapequa,NYCheryl,Haroldson,609-518-7697,cheryl@haroldson.org,92 Main St,Atlantic City,NJLaticia,Merced,513-508-7371,lmerced@gmail.com,72 Mannix Dr,Cincinnati,OHCarissa,Batman,541-326-4074,carissa.batman@yahoo.com,12270 Caton Center Dr,Eugene,ORLezlie,Craghead,919-533-3762,lezlie.craghead@craghead.org,749 W 18th St #45,Smithfield,NCOzell,Shealy,212-332-8435,oshealy@hotmail.com,8 Industry Ln,New York,NYArminda,Parvis,602-906-9419,arminda@parvis.com,1 Huntwood Ave,Phoenix,AZReita,Leto,317-234-1135,reita.leto@gmail.com,55262 N French Rd,Indianapolis,INYolando,Luczki,315-304-4759,yolando@cox.net,422 E 21st St,Syracuse,NYLizette,Stem,856-487-5412,lizette.stem@aol.com,501 N 19th Ave,Cherry Hill,NJGregoria,Pawlowicz,516-212-1915,gpawlowicz@yahoo.com,455 N Main Ave,Garden City,NYCarin,Deleo,501-308-1040,cdeleo@deleo.com,1844 Southern Blvd,Little Rock,ARChantell,Maynerich,651-591-2583,chantell@yahoo.com,2023 Greg St,Saint Paul,MNDierdre,Yum,215-325-3042,dyum@yahoo.com,63381 Jenks Ave,Philadelphia,PALarae,Gudroe,985-890-7262,larae_gudroe@gmail.com,6651 Municipal Rd,Houma,LALatrice,Tolfree,631-957-7624,latrice.tolfree@hotmail.com,81 Norris Ave #525,Ronkonkoma,NYKerry,Theodorov,916-591-3277,kerry.theodorov@gmail.com,6916 W Main St,Sacramento,CADorthy,Hidvegi,208-649-2373,dhidvegi@yahoo.com,9635 S Main St,Boise,IDFannie,Lungren,512-587-5746,fannie.lungren@yahoo.com,17 Us Highway 111,Round Rock,TXEvangelina,Radde,215-964-3284,evangelina@aol.com,992 Civic Center Dr,Philadelphia,PANovella,Degroot,808-477-4775,novella_degroot@degroot.org,303 N Radcliffe St,Hilo,HIClay,Hoa,775-501-8109,choa@hoa.org,73 Saint Ann St #86,Reno,NVJennifer,Fallick,847-979-9545,jfallick@yahoo.com,44 58th St,Wheeling,ILIrma,Wolfgramm,973-545-7355,irma.wolfgramm@hotmail.com,9745 W Main St,Randolph,NJEun,Coody,864-256-3620,eun@yahoo.com,84 Bloomfield Ave,Spartanburg,SCSylvia,Cousey,410-209-9545,sylvia_cousey@cousey.org,287 Youngstown Warren Rd,Hampstead,MDNana,Wrinkles,914-855-2115,nana@aol.com,6 Van Buren St,Mount Vernon,NYLayla,Springe,212-260-3151,layla.springe@cox.net,229 N Forty Driv,New York,NYJoesph,Degonia,510-677-9785,joesph_degonia@degonia.org,2887 Knowlton St #5435,Berkeley,CAAnnabelle,Boord,978-697-6263,annabelle.boord@cox.net,523 Marquette Ave,Concord,MAStephaine,Vinning,415-767-6596,stephaine@cox.net,3717 Hamann Industrial Pky,San Francisco,CANelida,Sawchuk,201-971-1638,nelida@gmail.com,3 State Route 35 S,Paramus,NJMarguerita,Hiatt,925-634-7158,marguerita.hiatt@gmail.com,82 N Highway 67,Oakley,CACarmela,Cookey,773-494-4195,ccookey@cookey.org,9 Murfreesboro Rd,Chicago,ILJunita,Brideau,973-943-3423,jbrideau@aol.com,6 S Broadway St,Cedar Grove,NJClaribel,Varriano,419-544-4900,claribel_varriano@cox.net,6 Harry L Dr #6327,Perrysburg,OHBenton,Skursky,310-579-2907,benton.skursky@aol.com,47939 Porter Ave,Gardena,CAHillary,Skulski,352-242-2570,hillary.skulski@aol.com,9 Wales Rd Ne #914,Homosassa,FLMerilyn,Bayless,408-758-5015,merilyn_bayless@cox.net,195 13n N,Santa Clara,CATeri,Ennaco,570-889-5187,tennaco@gmail.com,99 Tank Farm Rd,Hazleton,PAMerlyn,Lawler,201-588-7810,merlyn_lawler@hotmail.com,4671 Alemany Blvd,Jersey City,NJGeorgene,Montezuma,925-615-5185,gmontezuma@cox.net,98 University Dr,San Ramon,CAJettie,Mconnell,908-802-3564,jmconnell@hotmail.com,50 E Wacker Dr,Bridgewater,NJLemuel,Latzke,631-748-6479,lemuel.latzke@gmail.com,70 Euclid Ave #722,Bohemia,NYMelodie,Knipp,805-690-1682,mknipp@gmail.com,326 E Main St #6496,Thousand Oaks,CACandida,Corbley,908-275-8357,candida_corbley@hotmail.com,406 Main St,Somerville,NJKaran,Karpin,503-940-8327,karan_karpin@gmail.com,3 Elmwood Dr,Beaverton,ORAndra,Scheyer,503-516-2189,andra@gmail.com,9 Church St,Salem,ORFelicidad,Poullion,856-305-9731,fpoullion@poullion.com,9939 N 14th St,Riverton,NJBelen,Strassner,770-507-8791,belen_strassner@aol.com,5384 Southwyck Blvd,Douglasville,GAGracia,Melnyk,904-235-3633,gracia@melnyk.com,97 Airport Loop Dr,Jacksonville,FLJolanda,Hanafan,207-458-9196,jhanafan@gmail.com,37855 Nolan Rd,Bangor,MEBarrett,Toyama,817-765-5781,barrett.toyama@toyama.org,4252 N Washington Ave #9,Kennedale,TXHelga,Fredicks,716-752-4114,helga_fredicks@yahoo.com,42754 S Ash Ave,Buffalo,NYAshlyn,Pinilla,305-670-9628,apinilla@cox.net,703 Beville Rd,Opa Locka,FLFausto,Agramonte,212-313-1783,fausto_agramonte@yahoo.com,5 Harrison Rd,New York,NYRonny,Caiafa,215-605-7570,ronny.caiafa@caiafa.org,73 Southern Blvd,Philadelphia,PAMarge,Limmel,850-430-1663,marge@gmail.com,189 Village Park Rd,Crestview,FLNorah,Waymire,415-306-7897,norah.waymire@gmail.com,6 Middlegate Rd #106,San Francisco,CAAliza,Baltimore,408-504-3552,aliza@aol.com,1128 Delaware St,San Jose,CAMozell,Pelkowski,650-947-1215,mpelkowski@pelkowski.org,577 Parade St,South San Francisco,CAViola,Bitsuie,818-864-4875,viola@gmail.com,70 Mechanic St,Northridge,CAFranklyn,Emard,215-558-8189,femard@emard.com,4379 Highway 116,Philadelphia,PAWillodean,Konopacki,337-253-8384,willodean_konopacki@konopacki.org,55 Hawthorne Blvd,Lafayette,LABeckie,Silvestrini,313-533-4884,beckie.silvestrini@silvestrini.com,7116 Western Ave,Dearborn,MIRebecka,Gesick,512-213-8574,rgesick@gesick.org,2026 N Plankinton Ave #3,Austin,TXFrederica,Blunk,214-428-2285,frederica_blunk@gmail.com,99586 Main St,Dallas,TXGlen,Bartolet,206-697-5796,glen_bartolet@hotmail.com,8739 Hudson St,Vashon,WAFreeman,Gochal,610-476-3501,freeman_gochal@aol.com,383 Gunderman Rd #197,Coatesville,PAVincent,Meinerding,215-372-1718,vincent.meinerding@hotmail.com,4441 Point Term Mkt,Philadelphia,PARima,Bevelacqua,310-858-5079,rima@cox.net,2972 Lafayette Ave,Gardena,CAGlendora,Sarbacher,707-653-8214,gsarbacher@gmail.com,2140 Diamond Blvd,Rohnert Park,CAAvery,Steier,407-808-9439,avery@cox.net,93 Redmond Rd #492,Orlando,FLCristy,Lother,760-971-4322,cristy@lother.com,3989 Portage Tr,Escondido,CANicolette,Brossart,508-837-9230,nicolette_brossart@brossart.com,1 Midway Rd,Westborough,MATracey,Modzelewski,936-264-9294,tracey@hotmail.com,77132 Coon Rapids Blvd Nw,Conroe,TXVirgina,Tegarden,414-214-8697,virgina_tegarden@tegarden.com,755 Harbor Way,Milwaukee,WITiera,Frankel,626-636-4117,tfrankel@aol.com,87 Sierra Rd,El Monte,CAAlaine,Bergesen,914-300-9193,alaine_bergesen@cox.net,7667 S Hulen St #42,Yonkers,NYEarleen,Mai,214-289-1973,earleen_mai@cox.net,75684 S Withlapopka Dr #32,Dallas,TXLeonida,Gobern,228-235-5615,leonida@gobern.org,5 Elmwood Park Blvd,Biloxi,MSRessie,Auffrey,305-604-8981,ressie.auffrey@yahoo.com,23 Palo Alto Sq,Miami,FLJustine,Mugnolo,212-304-9225,jmugnolo@yahoo.com,38062 E Main St,New York,NYEladia,Saulter,201-474-4924,eladia@saulter.com,3958 S Dupont Hwy #7,Ramsey,NJChaya,Malvin,734-928-5182,chaya@malvin.com,560 Civic Center Dr,Ann Arbor,MIGwenn,Suffield,631-258-6558,gwenn_suffield@suffield.org,3270 Dequindre Rd,Deer Park,NYSalena,Karpel,330-791-8557,skarpel@cox.net,1 Garfield Ave #7,Canton,OHYoko,Fishburne,203-506-4706,yoko@fishburne.com,9122 Carpenter Ave,New Haven,CTTaryn,Moyd,703-322-4041,taryn.moyd@hotmail.com,48 Lenox St,Fairfax,VAKatina,Polidori,978-626-2978,katina_polidori@aol.com,5 Little River Tpke,Wilmington,MARickie,Plumer,419-693-1334,rickie.plumer@aol.com,3 N Groesbeck Hwy,Toledo,OHAlex,Loader,253-660-7821,alex@loader.com,37 N Elm St #916,Tacoma,WALashon,Vizarro,916-741-7884,lashon@aol.com,433 Westminster Blvd #590,Roseville,CALauran,Burnard,307-342-7795,lburnard@burnard.com,66697 Park Pl #3224,Riverton,WYCeola,Setter,207-627-7565,ceola.setter@setter.org,96263 Greenwood Pl,Warren,MEMy,Rantanen,215-491-5633,my@hotmail.com,8 Mcarthur Ln,Richboro,PALorrine,Worlds,813-769-2939,lorrine.worlds@worlds.com,8 Fair Lawn Ave,Tampa,FLPeggie,Sturiale,619-608-1763,peggie@cox.net,9 N 14th St,El Cajon,CAMarvel,Raymo,979-718-8968,mraymo@yahoo.com,9 Vanowen St,College Station,TXDaron,Dinos,847-233-3075,daron_dinos@cox.net,18 Waterloo Geneva Rd,Highland Park,ILAn,Fritz,609-228-5265,an_fritz@hotmail.com,506 S Hacienda Dr,Atlantic City,NJPortia,Stimmel,908-722-7128,portia.stimmel@aol.com,3732 Sherman Ave,Bridgewater,NJRhea,Aredondo,718-560-9537,rhea_aredondo@cox.net,25657 Live Oak St,Brooklyn,NYBenedict,Sama,314-787-1588,bsama@cox.net,4923 Carey Ave,Saint Louis,MOAlyce,Arias,209-317-1801,alyce@arias.org,3196 S Rider Trl,Stockton,CAHeike,Berganza,973-936-5095,heike@gmail.com,3 Railway Ave #75,Little Falls,NJCarey,Dopico,317-578-2453,carey_dopico@dopico.org,87393 E Highland Rd,Indianapolis,INDottie,Hellickson,206-540-6076,dottie@hellickson.org,67 E Chestnut Hill Rd,Seattle,WADeandrea,Hughey,336-822-7652,deandrea@yahoo.com,33 Lewis Rd #46,Burlington,NCKimberlie,Duenas,785-629-8542,kimberlie_duenas@yahoo.com,8100 Jacksonville Rd #7,Hays,KSMartina,Staback,407-471-6908,martina_staback@staback.com,7 W Wabansia Ave #227,Orlando,FLSkye,Fillingim,612-508-2655,skye_fillingim@yahoo.com,25 Minters Chapel Rd #9,Minneapolis,MNJade,Farrar,803-352-5387,jade.farrar@yahoo.com,6882 Torresdale Ave,Columbia,SCCharlene,Hamilton,707-300-1771,charlene.hamilton@hotmail.com,985 E 6th Ave,Santa Rosa,CAGeoffrey,Acey,847-222-1734,geoffrey@gmail.com,7 West Ave #1,Palatine,ILStevie,Westerbeck,949-867-4077,stevie.westerbeck@yahoo.com,26659 N 13th St,Costa Mesa,CAPamella,Fortino,303-404-2210,pamella@fortino.com,669 Packerland Dr #1438,Denver,COHarrison,Haufler,203-801-6193,hhaufler@hotmail.com,759 Eldora St,New Haven,CTJohnna,Engelberg,425-986-7573,jengelberg@engelberg.org,5 S Colorado Blvd #449,Bothell,WABuddy,Cloney,440-989-5826,buddy.cloney@yahoo.com,944 Gaither Dr,Strongsville,OHDalene,Riden,603-315-6839,dalene.riden@aol.com,66552 Malone Rd,Plaistow,NHJerry,Zurcher,321-518-5938,jzurcher@zurcher.org,77 Massillon Rd #822,Satellite Beach,FLHaydee,Denooyer,212-792-8658,hdenooyer@denooyer.org,25346 New Rd,New York,NYJoseph,Cryer,714-584-2237,joseph_cryer@cox.net,60 Fillmore Ave,Huntington Beach,CADeonna,Kippley,248-913-4677,deonna_kippley@hotmail.com,57 Haven Ave #90,Southfield,MIRaymon,Calvaresi,317-825-4724,raymon.calvaresi@gmail.com,6538 E Pomona St #60,Indianapolis,INAlecia,Bubash,940-276-7922,alecia@aol.com,6535 Joyce St,Wichita Falls,TXMa,Layous,203-721-3388,mlayous@hotmail.com,78112 Morris Ave,North Haven,CTDetra,Coyier,410-739-9277,detra@aol.com,96950 Hidden Ln,Aberdeen,MDTerrilyn,Rodeigues,504-463-4384,terrilyn.rodeigues@cox.net,3718 S Main St,New Orleans,LASalome,Lacovara,804-550-5097,slacovara@gmail.com,9677 Commerce Dr,Richmond,VAGarry,Keetch,215-979-8776,garry_keetch@hotmail.com,5 Green Pond Rd #4,Southampton,PAMatthew,Neither,952-651-7597,mneither@yahoo.com,636 Commerce Dr #42,Shakopee,MNTheodora,Restrepo,305-936-8226,theodora.restrepo@restrepo.com,42744 Hamann Industrial Pky #82,Miami,FLNoah,Kalafatis,414-263-5287,noah.kalafatis@aol.com,1950 5th Ave,Milwaukee,WICarmen,Sweigard,732-941-2621,csweigard@sweigard.com,61304 N French Rd,Somerset,NJLavonda,Hengel,701-898-2154,lavonda@cox.net,87 Imperial Ct #79,Fargo,NDJunita,Stoltzman,775-638-9963,junita@aol.com,94 W Dodge Rd,Carson City,NVHerminia,Nicolozakes,602-954-5141,herminia@nicolozakes.org,4 58th St #3519,Scottsdale,AZCasie,Good,615-390-2251,casie.good@aol.com,5221 Bear Valley Rd,Nashville,TNReena,Maisto,410-351-1863,reena@hotmail.com,9648 S Main,Salisbury,MDMirta,Mallett,212-870-1286,mirta_mallett@gmail.com,7 S San Marcos Rd,New York,NYCathrine,Pontoriero,806-703-1435,cathrine.pontoriero@pontoriero.com,812 S Haven St,Amarillo,TXFiliberto,Tawil,323-765-2528,ftawil@hotmail.com,3882 W Congress St #799,Los Angeles,CARaul,Upthegrove,619-509-5282,rupthegrove@yahoo.com,4 E Colonial Dr,La Mesa,CASarah,Candlish,770-732-1194,sarah.candlish@gmail.com,45 2nd Ave #9759,Atlanta,GALucy,Treston,508-769-5250,lucy@cox.net,57254 Brickell Ave #372,Worcester,MAJudy,Aquas,269-756-7222,jaquas@aquas.com,8977 Connecticut Ave Nw #3,Niles,MIYvonne,Tjepkema,973-714-1721,yvonne.tjepkema@hotmail.com,9 Waydell St,Fairfield,NJKayleigh,Lace,337-740-9323,kayleigh.lace@yahoo.com,43 Huey P Long Ave,Lafayette,LAFelix,Hirpara,717-491-5643,felix_hirpara@cox.net,7563 Cornwall Rd #4462,Denver,PATresa,Sweely,314-359-9566,tresa_sweely@hotmail.com,22 Bridle Ln,Valley Park,MOKristeen,Turinetti,817-213-8851,kristeen@gmail.com,70099 E North Ave,Arlington,TXJenelle,Regusters,813-932-8715,jregusters@regusters.com,3211 E Northeast Loop,Tampa,FLRenea,Monterrubio,770-679-4752,renea@hotmail.com,26 Montgomery St,Atlanta,GAOlive,Matuszak,760-938-6069,olive@aol.com,13252 Lighthouse Ave,Cathedral City,CALigia,Reiber,517-906-1108,lreiber@cox.net,206 Main St #2804,Lansing,MIChristiane,Eschberger,602-390-4944,christiane.eschberger@yahoo.com,96541 W Central Blvd,Phoenix,AZGoldie,Schirpke,207-295-7569,goldie.schirpke@yahoo.com,34 Saint George Ave #2,Bangor,MELoreta,Timenez,301-696-6420,loreta.timenez@hotmail.com,47857 Coney Island Ave,Clinton,MDFabiola,Hauenstein,717-809-3119,fabiola.hauenstein@hauenstein.org,8573 Lincoln Blvd,York,PAAmie,Perigo,972-419-7946,amie.perigo@yahoo.com,596 Santa Maria Ave #7913,Mesquite,TXRaina,Brachle,406-318-1515,raina.brachle@brachle.org,3829 Ventura Blvd,Butte,MTErinn,Canlas,973-767-3008,erinn.canlas@canlas.com,13 S Hacienda Dr,Livingston,NJCherry,Lietz,248-980-6904,cherry@lietz.com,40 9th Ave Sw #91,Waterford,MIKattie,Vonasek,216-923-3715,kattie@vonasek.org,2845 Boulder Crescent St,Cleveland,OHLilli,Scriven,325-631-1560,lilli@aol.com,33 State St,Abilene,TXWhitley,Tomasulo,817-526-4408,whitley.tomasulo@aol.com,2 S 15th St,Fort Worth,TXBarbra,Adkin,718-201-3751,badkin@hotmail.com,4 Kohler Memorial Dr,Brooklyn,NYHermila,Thyberg,401-893-4882,hermila_thyberg@hotmail.com,1 Rancho Del Mar Shopping C,Providence,RIJesusita,Flister,717-885-9118,jesusita.flister@hotmail.com,3943 N Highland Ave,Lancaster,PACaitlin,Julia,401-948-4982,caitlin.julia@julia.org,5 Williams St,Johnston,RIRoosevelt,Hoffis,305-622-4739,roosevelt.hoffis@aol.com,60 Old Dover Rd,Hialeah,FLHelaine,Halter,201-832-4168,hhalter@yahoo.com,8 Sheridan Rd,Jersey City,NJLorean,Martabano,210-856-4979,lorean.martabano@hotmail.com,85092 Southern Blvd,San Antonio,TXFrance,Buzick,718-478-8504,france.buzick@yahoo.com,64 Newman Springs Rd E,Brooklyn,NYJustine,Ferrario,909-993-3242,jferrario@hotmail.com,48 Stratford Ave,Pomona,CAAdelina,Nabours,216-230-4892,adelina_nabours@gmail.com,80 Pittsford Victor Rd #9,Cleveland,OHDerick,Dhamer,212-304-4515,ddhamer@cox.net,87163 N Main Ave,New York,NYJerry,Dallen,804-762-9576,jerry.dallen@yahoo.com,393 Lafayette Ave,Richmond,VALeota,Ragel,706-221-4243,leota.ragel@gmail.com,99 5th Ave #33,Trion,GAJutta,Amyot,337-515-1438,jamyot@hotmail.com,49 N Mays St,Broussard,LAAja,Gehrett,973-544-2677,aja_gehrett@hotmail.com,993 Washington Ave,Nutley,NJKirk,Herritt,607-407-3716,kirk.herritt@aol.com,88 15th Ave Ne,Vestal,NYLeonora,Mauson,973-412-2995,leonora@yahoo.com,3381 E 40th Ave,Passaic,NJWinfred,Brucato,208-252-4552,winfred_brucato@hotmail.com,201 Ridgewood Rd,Moscow,IDTarra,Nachor,415-411-1775,tarra.nachor@cox.net,39 Moccasin Dr,San Francisco,CACorinne,Loder,508-942-4186,corinne@loder.org,4 Carroll St,North Attleboro,MADulce,Labreche,248-357-8718,dulce_labreche@yahoo.com,9581 E Arapahoe Rd,Rochester,MIKate,Keneipp,920-353-6377,kate_keneipp@yahoo.com,33 N Michigan Ave,Green Bay,WIKaitlyn,Ogg,410-665-4903,kaitlyn.ogg@gmail.com,2 S Biscayne Blvd,Baltimore,MDSherita,Saras,719-669-1664,sherita.saras@cox.net,8 Us Highway 22,Colorado Springs,COLashawnda,Stuer,419-588-8719,lstuer@cox.net,7422 Martin Ave #8,Toledo,OHErnest,Syrop,301-998-9644,ernest@cox.net,94 Chase Rd,Hyattsville,MDNobuko,Halsey,508-855-9887,nobuko.halsey@yahoo.com,8139 I Hwy 10 #92,New Bedford,MALavonna,Wolny,703-483-1970,lavonna.wolny@hotmail.com,5 Cabot Rd,Mc Lean,VALashaunda,Lizama,410-678-2473,llizama@cox.net,3387 Ryan Dr,Hanover,MDMariann,Bilden,512-223-4791,mariann.bilden@aol.com,3125 Packer Ave #9851,Austin,TXHelene,Rodenberger,623-461-8551,helene@aol.com,347 Chestnut St,Peoria,AZRoselle,Estell,419-571-5920,roselle.estell@hotmail.com,8116 Mount Vernon Ave,Bucyrus,OHSamira,Heintzman,206-311-4137,sheintzman@hotmail.com,8772 Old County Rd #5410,Kent,WAMargart,Meisel,513-617-2362,margart_meisel@yahoo.com,868 State St #38,Cincinnati,OHKristofer,Bennick,812-368-1511,kristofer.bennick@yahoo.com,772 W River Dr,Bloomington,INWeldon,Acuff,847-353-2156,wacuff@gmail.com,73 W Barstow Ave,Arlington Heights,ILShalon,Shadrick,718-232-2337,shalon@cox.net,61047 Mayfield Ave,Brooklyn,NYDenise,Patak,407-446-4358,denise@patak.org,2139 Santa Rosa Ave,Orlando,FLLouvenia,Beech,310-820-2117,louvenia.beech@beech.com,598 43rd St,Beverly Hills,CAAudry,Yaw,813-797-4816,audry.yaw@yaw.org,70295 Pioneer Ct,Brandon,FLKristel,Ehmann,915-452-1290,kristel.ehmann@aol.com,92899 Kalakaua Ave,El Paso,TXVincenza,Zepp,619-603-5125,vzepp@gmail.com,395 S 6th St #2,El Cajon,CAElouise,Gwalthney,301-841-5012,egwalthney@yahoo.com,9506 Edgemore Ave,Bladensburg,MDVenita,Maillard,714-523-6653,venita_maillard@gmail.com,72119 S Walker Ave #63,Anaheim,CAKasandra,Semidey,314-732-9131,kasandra_semidey@semidey.com,369 Latham St #500,Saint Louis,MOXochitl,Discipio,512-233-1831,xdiscipio@gmail.com,3158 Runamuck Pl,Round Rock,TXMaile,Linahan,336-670-2640,mlinahan@yahoo.com,9 Plainsboro Rd #598,Greensboro,NCKrissy,Rauser,631-443-4710,krauser@cox.net,8728 S Broad St,Coram,NYPete,Dubaldi,201-825-2514,pdubaldi@hotmail.com,2215 Prosperity Dr,Lyndhurst,NJLinn,Paa,901-412-4381,linn_paa@paa.com,1 S Pine St,Memphis,TNParis,Wide,404-505-4445,paris@hotmail.com,187 Market St,Atlanta,GAWynell,Dorshorst,650-473-1262,wynell_dorshorst@dorshorst.org,94290 S Buchanan St,Pacifica,CAQuentin,Birkner,952-702-7993,qbirkner@aol.com,7061 N 2nd St,Burnsville,MNRegenia,Kannady,480-726-1280,regenia.kannady@cox.net,10759 Main St,Scottsdale,AZSheron,Louissant,718-976-8610,sheron@aol.com,97 E 3rd St #9,Long Island City,NYIzetta,Funnell,770-844-3447,izetta.funnell@hotmail.com,82 Winsor St #54,Atlanta,GARodolfo,Butzen,507-210-3510,rodolfo@hotmail.com,41 Steel Ct,Northfield,MNZona,Colla,203-461-1949,zona@hotmail.com,49440 Dearborn St,Norwalk,CTSerina,Zagen,260-273-3725,szagen@aol.com,7 S Beverly Dr,Fort Wayne,INPaz,Sahagun,601-927-8287,paz_sahagun@cox.net,919 Wall Blvd,Meridian,MSMarkus,Lukasik,586-970-7380,markus@yahoo.com,89 20th St E #779,Sterling Heights,MIJaclyn,Bachman,719-853-3600,jaclyn@aol.com,721 Interstate 45 S,Colorado Springs,COCyril,Daufeldt,212-745-8484,cyril_daufeldt@daufeldt.com,3 Lawton St,New York,NYGayla,Schnitzler,510-686-3407,gschnitzler@gmail.com,38 Pleasant Hill Rd,Hayward,CAErick,Nievas,773-704-9903,erick_nievas@aol.com,45 E Acacia Ct,Chicago,ILJennie,Drymon,570-218-4831,jennie@cox.net,63728 Poway Rd #1,Scranton,PAMitsue,Scipione,530-986-9272,mscipione@scipione.com,77 222 Dr,Oroville,CACiara,Ventura,845-823-8877,cventura@yahoo.com,53 W Carey St,Port Jervis,NYGalen,Cantres,216-600-6111,galen@yahoo.com,617 Nw 36th Ave,Brook Park,OHTruman,Feichtner,973-852-2736,tfeichtner@yahoo.com,539 Coldwater Canyon Ave,Bloomfield,NJGail,Kitty,907-435-9166,gail@kitty.com,735 Crawford Dr,Anchorage,AKDalene,Schoeneck,215-268-1275,dalene@schoeneck.org,910 Rahway Ave,Philadelphia,PAGertude,Witten,513-977-7043,gertude.witten@gmail.com,7 Tarrytown Rd,Cincinnati,OHLizbeth,Kohl,310-699-1222,lizbeth@yahoo.com,35433 Blake St #588,Gardena,CAGlenn,Berray,515-370-7348,gberray@gmail.com,29 Cherry St #7073,Des Moines,IALashandra,Klang,610-809-1818,lashandra@yahoo.com,810 N La Brea Ave,King of Prussia,PALenna,Newville,919-623-2524,lnewville@newville.com,987 Main St,Raleigh,NCLaurel,Pagliuca,509-695-5199,laurel@yahoo.com,36 Enterprise St Se,Richland,WAMireya,Frerking,914-868-5965,mireya.frerking@hotmail.com,8429 Miller Rd,Pelham,NYAnnelle,Tagala,410-757-1035,annelle@yahoo.com,5 W 7th St,Parkville,MDDean,Ketelsen,516-847-4418,dean_ketelsen@gmail.com,2 Flynn Rd,Hicksville,NYLevi,Munis,508-456-4907,levi.munis@gmail.com,2094 Ne 36th Ave,Worcester,MASylvie,Ryser,918-644-9555,sylvie@aol.com,649 Tulane Ave,Tulsa,OKSharee,Maile,231-467-9978,sharee_maile@aol.com,2094 Montour Blvd,Muskegon,MICordelia,Storment,337-566-6001,cordelia_storment@aol.com,393 Hammond Dr,Lafayette,LAMollie,Mcdoniel,419-975-3182,mollie_mcdoniel@yahoo.com,8590 Lake Lizzie Dr,Bowling Green,OHBrett,Mccullan,619-461-9984,brett.mccullan@mccullan.com,87895 Concord Rd,La Mesa,CATeddy,Pedrozo,203-892-3863,teddy_pedrozo@aol.com,46314 Route 130,Bridgeport,CTTasia,Andreason,201-920-9002,tasia_andreason@yahoo.com,4 Cowesett Ave,Kearny,NJHubert,Walthall,330-903-1345,hubert@walthall.org,95 Main Ave #2,Barberton,OHArthur,Farrow,201-238-5688,arthur.farrow@yahoo.com,28 S 7th St #2824,Englewood,NJVilma,Berlanga,616-737-3085,vberlanga@berlanga.com,79 S Howell Ave,Grand Rapids,MIBillye,Miro,601-567-5386,billye_miro@cox.net,36 Lancaster Dr Se,Pearl,MSGlenna,Slayton,901-640-9178,glenna_slayton@cox.net,2759 Livingston Ave,Memphis,TNMitzie,Hudnall,303-402-1940,mitzie_hudnall@yahoo.com,17 Jersey Ave,Englewood,COBernardine,Rodefer,901-901-4726,bernardine_rodefer@yahoo.com,2 W Grand Ave,Memphis,TNStaci,Schmaltz,626-866-2339,staci_schmaltz@aol.com,18 Coronado Ave #563,Pasadena,CANichelle,Meteer,773-225-9985,nichelle_meteer@meteer.com,72 Beechwood Ter,Chicago,ILJanine,Rhoden,718-228-5894,jrhoden@yahoo.com,92 Broadway,Astoria,NYEttie,Hoopengardner,509-755-5393,ettie.hoopengardner@hotmail.com,39 Franklin Ave,Richland,WAEden,Jayson,410-890-7866,eden_jayson@yahoo.com,4 Iwaena St,Baltimore,MDLynelle,Auber,973-860-8610,lynelle_auber@gmail.com,32820 Corkwood Rd,Newark,NJMerissa,Tomblin,562-579-6900,merissa.tomblin@gmail.com,34 Raritan Center Pky,Bellflower,CAGolda,Kaniecki,732-628-9909,golda_kaniecki@yahoo.com,6201 S Nevada Ave,Toms River,NJCatarina,Gleich,973-210-3994,catarina_gleich@hotmail.com,78 Maryland Dr #146,Denville,NJVirgie,Kiel,303-776-7548,vkiel@hotmail.com,76598 Rd  I 95 #1,Denver,COJolene,Ostolaza,757-682-7116,jolene@yahoo.com,1610 14th St Nw,Newport News,VAKeneth,Borgman,602-919-4211,keneth@yahoo.com,86350 Roszel Rd,Phoenix,AZRikki,Nayar,305-968-9487,rikki@nayar.com,1644 Clove Rd,Miami,FLElke,Sengbusch,602-896-2993,elke_sengbusch@yahoo.com,9 W Central Ave,Phoenix,AZHoa,Sarao,386-526-7800,hoa@sarao.org,27846 Lafayette Ave,Oak Hill,FLTrinidad,Mcrae,415-331-9634,trinidad_mcrae@yahoo.com,10276 Brooks St,San Francisco,CAMari,Lueckenbach,858-793-9684,mari_lueckenbach@yahoo.com,1 Century Park E,San Diego,CASelma,Husser,201-991-8369,selma.husser@cox.net,9 State Highway 57 #22,Jersey City,NJAntione,Onofrio,909-430-7765,aonofrio@onofrio.com,4 S Washington Ave,San Bernardino,CALuisa,Jurney,617-365-2134,ljurney@hotmail.com,25 Se 176th Pl,Cambridge,MAClorinda,Heimann,760-291-5497,clorinda.heimann@hotmail.com,105 Richmond Valley Rd,Escondido,CADick,Wenzinger,310-510-9713,dick@yahoo.com,22 Spruce St #595,Gardena,CAAhmed,Angalich,717-528-8996,ahmed.angalich@angalich.com,2 W Beverly Blvd,Harrisburg,PAIluminada,Ohms,480-293-2882,iluminada.ohms@yahoo.com,72 Southern Blvd,Mesa,AZJoanna,Leinenbach,561-470-4574,joanna_leinenbach@hotmail.com,1 Washington St,Lake Worth,FLCaprice,Suell,615-246-1824,caprice@aol.com,90177 N 55th Ave,Nashville,TNStephane,Myricks,859-717-7638,stephane_myricks@cox.net,9 Tower Ave,Burlington,KYQuentin,Swayze,734-561-6170,quentin_swayze@yahoo.com,278 Bayview Ave,Milan,MIAnnmarie,Castros,936-751-7961,annmarie_castros@gmail.com,80312 W 32nd St,Conroe,TXShonda,Greenbush,973-482-2430,shonda_greenbush@cox.net,82 Us Highway 46,Clifton,NJCecil,Lapage,201-693-3967,clapage@lapage.com,4 Stovall St #72,Union City,NJJeanice,Claucherty,305-988-4162,jeanice.claucherty@yahoo.com,19 Amboy Ave,Miami,FLJosphine,Villanueva,931-553-9774,josphine_villanueva@villanueva.com,63 Smith Ln #8343,Moss,TNDaniel,Perruzza,714-771-3880,dperruzza@perruzza.com,11360 S Halsted St,Santa Ana,CACassi,Wildfong,847-633-3216,cassi.wildfong@aol.com,26849 Jefferson Hwy,Rolling Meadows,ILBritt,Galam,215-888-3304,britt@galam.org,2500 Pringle Rd Se #508,Hatfield,PAAdell,Lipkin,973-654-1561,adell.lipkin@lipkin.com,65 Mountain View Dr,Whippany,NJJacqueline,Rowling,814-865-8113,jacqueline.rowling@yahoo.com,1 N San Saba,Erie,PALonny,Weglarz,801-293-9853,lonny_weglarz@gmail.com,51120 State Route 18,Salt Lake City,UTLonna,Diestel,910-922-3672,lonna_diestel@gmail.com,1482 College Ave,Fayetteville,NCCristal,Samara,213-975-8026,cristal@cox.net,4119 Metropolitan Dr,Los Angeles,CAKenneth,Grenet,517-499-2322,kenneth.grenet@grenet.org,2167 Sierra Rd,East Lansing,MIElli,Mclaird,315-818-2638,emclaird@mclaird.com,6 Sunrise Ave,Utica,NYAlline,Jeanty,574-656-2800,ajeanty@gmail.com,55713 Lake City Hwy,South Bend,INSharika,Eanes,407-312-1691,sharika.eanes@aol.com,75698 N Fiesta Blvd,Orlando,FLNu,Mcnease,973-751-9003,nu@gmail.com,88 Sw 28th Ter,Harrison,NJDaniela,Comnick,609-200-8577,dcomnick@cox.net,7 Flowers Rd #403,Trenton,NJCecilia,Colaizzo,608-382-4541,cecilia_colaizzo@colaizzo.com,4 Nw 12th St #3849,Madison,WILeslie,Threets,914-861-9748,leslie@cox.net,2 A Kelley Dr,Katonah,NYNan,Koppinger,336-370-5333,nan@koppinger.com,88827 Frankford Ave,Greensboro,NCIzetta,Dewar,410-473-1708,idewar@dewar.com,2 W Scyene Rd #3,Baltimore,MDTegan,Arceo,732-730-2692,tegan.arceo@arceo.org,62260 Park Stre,Monroe Township,NJRuthann,Keener,830-258-2769,ruthann@hotmail.com,3424 29th St Se,Kerrville,TXJoni,Breland,847-519-5906,joni_breland@cox.net,35 E Main St #43,Elk Grove Village,ILVi,Rentfro,732-605-4781,vrentfro@cox.net,7163 W Clark Rd,Freehold,NJColette,Kardas,402-896-5943,colette.kardas@yahoo.com,21575 S Apple Creek Rd,Omaha,NEMalcolm,Tromblay,703-221-5602,malcolm_tromblay@cox.net,747 Leonis Blvd,Annandale,VARyan,Harnos,972-558-1665,ryan@cox.net,13 Gunnison St,Plano,TXJess,Chaffins,212-510-4633,jess.chaffins@chaffins.org,18 3rd Ave,New York,NYSharen,Bourbon,516-816-1541,sbourbon@yahoo.com,62 W Austin St,Syosset,NYNickolas,Juvera,352-598-8301,nickolas_juvera@cox.net,177 S Rider Trl #52,Crystal River,FLGary,Nunlee,317-542-6023,gary_nunlee@nunlee.org,2 W Mount Royal Ave,Fortville,INDiane,Devreese,816-557-9673,diane@cox.net,1953 Telegraph Rd,Saint Joseph,MORoslyn,Chavous,601-234-9632,roslyn.chavous@chavous.org,63517 Dupont St,Jackson,MSGlory,Schieler,325-869-2649,glory@yahoo.com,5 E Truman Rd,Abilene,TXRasheeda,Sayaphon,408-805-4309,rasheeda@aol.com,251 Park Ave #979,Saratoga,CAAlpha,Palaia,856-312-2629,alpha@yahoo.com,43496 Commercial Dr #29,Cherry Hill,NJRefugia,Jacobos,510-974-8671,refugia.jacobos@jacobos.com,2184 Worth St,Hayward,CAShawnda,Yori,407-538-5106,shawnda.yori@yahoo.com,50126 N Plankinton Ave,Longwood,FLMona,Delasancha,307-403-1488,mdelasancha@hotmail.com,38773 Gravois Ave,Cheyenne,WYGilma,Liukko,516-393-9967,gilma_liukko@gmail.com,16452 Greenwich St,Garden City,NYJaney,Gabisi,608-967-7194,jgabisi@hotmail.com,40 Cambridge Ave,Madison,WILili,Paskin,201-431-2989,lili.paskin@cox.net,20113 4th Ave E,Kearny,NJLoren,Asar,570-648-3035,loren.asar@aol.com,6 Ridgewood Center Dr,Old Forge,PADorothy,Chesterfield,858-617-7834,dorothy@cox.net,469 Outwater Ln,San Diego,CAGail,Similton,760-616-5388,gail_similton@similton.com,62 Monroe St,Thousand Palms,CACatalina,Tillotson,609-373-3332,catalina@hotmail.com,3338 A Lockport Pl #6,Margate City,NJLawrence,Lorens,401-465-6432,lawrence.lorens@hotmail.com,9 Hwy,Providence,RICarlee,Boulter,785-347-1805,carlee.boulter@hotmail.com,8284 Hart St,Abilene,KSThaddeus,Ankeny,916-920-3571,tankeny@ankeny.org,5 Washington St #1,Roseville,CAJovita,Oles,386-248-4118,joles@gmail.com,8 S Haven St,Daytona Beach,FLAlesia,Hixenbaugh,202-646-7516,alesia_hixenbaugh@hixenbaugh.org,9 Front St,Washington,DCLai,Harabedian,415-423-3294,lai@gmail.com,1933 Packer Ave #2,Novato,CABrittni,Gillaspie,208-709-1235,bgillaspie@gillaspie.com,67 Rv Cent,Boise,IDRaylene,Kampa,574-499-1454,rkampa@kampa.org,2 Sw Nyberg Rd,Elkhart,INFlo,Bookamer,308-726-2182,flo.bookamer@cox.net,89992 E 15th St,Alliance,NEJani,Biddy,206-711-6498,jbiddy@yahoo.com,61556 W 20th Ave,Seattle,WAChauncey,Motley,407-413-4842,chauncey_motley@aol.com,63 E Aurora Dr,Orlando,FLJohn,Reese,5856987458,john@reese.com,Haveli,Scranton,PA